{
    "INT_cAC_noljp": {
        "step_-1.0": {
            "soma": {
                "voltage_base": [
                    -72.6805960504552, 
                    4.020283077405374
                ]
            }
        }, 
        "step_-0.8": {
            "soma": {
                "voltage_base": [
                    -73.57473204438949, 
                    3.7027385268242066
                ]
            }
        }, 
        "step_-0.6": {
            "soma": {
                "voltage_base": [
                    -73.55820667907376, 
                    4.212627614311234
                ]
            }
        }, 
        "step_-0.4": {
            "soma": {
                "voltage_base": [
                    -73.60344034325902, 
                    3.5705803402963787
                ]
            }
        }, 
        "step_-0.2": {
            "soma": {
                "voltage_base": [
                    -74.00305176454371, 
                    4.39390645153377
                ], 
                "steady_state_voltage": [
                    -74.30181168487596, 
                    3.9260574568214843
                ]
            }
        }, 
        "step_0.2": {
            "soma": {
                "voltage_base": [
                    -74.23912841191057, 
                    4.410801037945941
                ], 
                "Spikecount": [
                    1.4166666666666665, 
                    1.5343293866268308
                ], 
                "time_to_last_spike": [
                    49.27083333333175, 
                    50.400794161234714
                ], 
                "inv_first_ISI": [
                    12.253823974979184, 
                    14.357059478778853
                ], 
                "inv_second_ISI": [
                    10.229502271788482, 
                    14.365319557974615
                ], 
                "inv_third_ISI": [
                    7.930932588466908, 
                    10.909043251112692
                ], 
                "inv_fourth_ISI": [
                    6.830601092896564, 
                    11.83094813913235
                ], 
                "inv_fifth_ISI": [
                    5.63063063063095, 
                    9.752538330906395
                ], 
                "inv_last_ISI": [
                    2.5444710164382567, 
                    2.5476439935206567
                ]
            }
        }, 
        "step_0.4": {
            "soma": {
                "voltage_base": [
                    -74.12552298731723, 
                    4.50510228299701
                ], 
                "Spikecount": [
                    4.791666666666666, 
                    2.7773263522075804
                ], 
                "time_to_last_spike": [
                    222.5583333333421, 
                    134.5407319055033
                ], 
                "inv_first_ISI": [
                    75.68203509296055, 
                    46.242637879782365
                ], 
                "inv_second_ISI": [
                    36.149041146615744, 
                    44.459161065388344
                ], 
                "inv_third_ISI": [
                    25.590487296071313, 
                    30.043942983692826
                ], 
                "inv_fourth_ISI": [
                    31.251676460788545, 
                    46.17408179690089
                ], 
                "inv_fifth_ISI": [
                    18.261543091605315, 
                    25.611203237614745
                ], 
                "inv_last_ISI": [
                    36.89186500206816, 
                    36.33710866856421
                ]
            }
        }, 
        "step_0.6": {
            "soma": {
                "mean_frequency": [
                    40.840581527957525, 
                    21.806757302644737
                ], 
                "time_to_first_spike": [
                    8.745833333333628, 
                    6.704759658879252
                ], 
                "AHP_depth": [
                    17.97031647856481, 
                    6.092344275150138
                ], 
                "voltage_base": [
                    -73.99175627240129, 
                    5.1047945530637735
                ], 
                "Spikecount": [
                    8.375, 
                    4.5618816171497585
                ], 
                "time_to_last_spike": [
                    269.1666666666772, 
                    103.4141511915487
                ], 
                "inv_first_ISI": [
                    152.29982676741454, 
                    92.81481092136406
                ], 
                "inv_second_ISI": [
                    79.3764517445464, 
                    37.72211072052813
                ], 
                "inv_third_ISI": [
                    56.634222506820095, 
                    52.55722685081478
                ], 
                "inv_fourth_ISI": [
                    47.99263105173673, 
                    60.38422666352654
                ], 
                "inv_fifth_ISI": [
                    40.386720450488056, 
                    58.12813878081914
                ], 
                "inv_last_ISI": [
                    64.96329976195817, 
                    82.22075356491938
                ]
            }
        }, 
        "step_0.8": {
            "soma": {
                "mean_frequency": [
                    45.32108942475233, 
                    14.705101692692487
                ], 
                "time_to_first_spike": [
                    5.733333333333586, 
                    1.9752636954763223
                ], 
                "AHP_depth": [
                    20.745769038339578, 
                    5.659933536033398
                ], 
                "voltage_base": [
                    -73.85471980975998, 
                    4.5469321840434365
                ], 
                "Spikecount": [
                    11.208333333333334, 
                    5.884743693087519
                ], 
                "time_to_last_spike": [
                    264.1750000000079, 
                    80.9755360004302
                ], 
                "inv_first_ISI": [
                    214.44842561195392, 
                    75.16233260805977
                ], 
                "inv_second_ISI": [
                    156.57158854690812, 
                    104.05840183739627
                ], 
                "inv_third_ISI": [
                    105.3923399651649, 
                    60.21955806692006
                ], 
                "inv_fourth_ISI": [
                    71.12565972637454, 
                    50.549906612838285
                ], 
                "inv_fifth_ISI": [
                    55.434499663734286, 
                    55.51630900259657
                ], 
                "inv_last_ISI": [
                    19.709038885563956, 
                    4.880119607956854
                ]
            }
        }, 
        "step_1.0": {
            "soma": {
                "mean_frequency": [
                    46.46065722429955, 
                    25.845696243204326
                ], 
                "AHP_depth": [
                    21.34979090042551, 
                    6.154455191050287
                ], 
                "voltage_base": [
                    -73.05678074165952, 
                    3.830344728540863
                ], 
                "Spikecount": [
                    15.208333333333334, 
                    8.132048224975879
                ], 
                "time_to_last_spike": [
                    328.9708333333467, 
                    24.82804299074497
                ], 
                "inv_first_ISI": [
                    259.1356031372626, 
                    88.62246378084377
                ], 
                "inv_second_ISI": [
                    222.49647432434395, 
                    94.4587223863235
                ], 
                "inv_third_ISI": [
                    175.40133092884463, 
                    74.19088464414793
                ], 
                "inv_fourth_ISI": [
                    110.76425348025896, 
                    57.72889283299615
                ], 
                "inv_fifth_ISI": [
                    93.69672317426101, 
                    79.91754471355465
                ], 
                "inv_last_ISI": [
                    29.030781888392276, 
                    12.78492873095047
                ]
            }
        }
    }
}