{
"INT_cAC_noljp": {
    "mechanisms": {
        "all":     ["pas","kdrb", "na3"],
        "somatic": ["kdb", "kmb", "kap", "hd", "can", "cal", "cat", "cagk", "kca", "cacum"],
        "axonal":  ["kmb", "kap"],
        "alldend":["hd", "can", "cal", "cat", "cagk", "kca", "cacum", "kad"]
    },
    "distributions": {
		"exp_na_dend": "math.exp((-{distance})/50)*{value}"
    },
    "fixed": {
        "global":    [["v_init", -80], ["celsius", 34]],
        "all":       [["cm", 1, "secvar"],["ena", 50, "secvar"],["ek", -90, "secvar"]]
    },
    "optimized": {
         "all": [
        ],
         "axonal": [
            ["gbar_na3", 0.025, 0.15, "uniform" ],
            ["gkdrbar_kdrb", 0.01, 0.08, "uniform" ],
            ["gkabar_kap", 0.001, 0.04, "uniform" ],
            ["gbar_kmb", 0.004, 0.05, "uniform" ],
            ["Ra", 50, 300, "secvar"],
            ["g_pas", 1e-6, 8e-5, "uniform" ],
            ["e_pas", -95, -75, "uniform" ]
        ],
        "somatic": [
            ["gbar_na3", 0.02, 0.06, "uniform" ],
            ["gkdrbar_kdrb", 0.001, 0.08, "uniform" ],
            ["gkabar_kap", 0.005, 0.04, "uniform" ],
            ["gkdbar_kdb", 1e-5, 10e-5, "uniform" ],
            ["gbar_kmb", 0.001, 0.02, "uniform" ],
			["ghdbar_hd", 1e-6, 5e-4, "uniform" ],
            ["gcalbar_cal", 0.1e-5, 3e-5, "uniform" ],
            ["gcanbar_can", 0.1e-5, 3e-5, "uniform" ],
            ["gcatbar_cat", 0.1e-5, 3e-5, "uniform" ],
			["gbar_kca", 1e-6, 1e-5, "uniform" ],
			["gbar_cagk", 0.5e-5, 3e-4, "uniform" ],
		    ["Ra", 50, 400, "secvar"],
            ["g_pas", 1e-6, 20e-5, "uniform" ],
            ["e_pas", -120, -75, "uniform" ]
        ],

        "alldend": [
            ["gbar_na3", 0.02, 0.06, "exp_na_dend" ],
            ["gkdrbar_kdrb", 0.001, 0.8, "uniform" ],
            ["gkabar_kad", 0.005, 0.1, "uniform" ],
			["ghdbar_hd", 1e-6, 5e-4, "uniform" ],
            ["gcalbar_cal", 0.1e-5, 3e-5, "uniform" ],
            ["gcanbar_can", 0.1e-5, 3e-5, "uniform" ],
            ["gcatbar_cat", 0.1e-5, 3e-5, "uniform" ],
			["gbar_kca", 1e-6, 1e-5, "uniform" ],
			["gbar_cagk", 0.5e-5, 3e-4, "uniform" ],
		    ["Ra", 50, 400, "secvar"],
            ["g_pas", 1e-6, 20e-5, "uniform" ],
            ["e_pas", -100, -50, "uniform" ]
        ]
    }
}
}
